{
  "accuracy": 0.9205721003134796,
  "precision_weighted": 0.9204154391967346,
  "recall_weighted": 0.9205721003134796,
  "f1_weighted": 0.9204189916120541
}